id,source_domain,source_url,date,business_category,question_or_starter,current_software,observable_problem,decision,emotional_driver,buying_stage,engagement_signal,independent_recurrence
R01,Reddit,https://www.reddit.com/r/Barber/comments/12ph16u/best_tool_for_booking_appointments/,2023-04-17,barbershop,"What does free booking software really cost once payments, discovery and staff limits matter?",none,"No digital booking and unclear free-tier trade-offs","Select a first booking system",cost anxiety,evaluation,public thread,yes
R02,Reddit,https://www.reddit.com/r/Esthetics/comments/1mkrv5l/solo_estheticians_booking_platformswebsites/,2025-08-08,esthetics,"Which platform avoids client-login friction, add-on creep and unstable updates?",multiple,"Promotional advice conflicts with operator experience","Choose a sustainable solo stack",distrust,evaluation,public thread,yes
R03,Reddit,https://www.reddit.com/r/smallbusiness/comments/1m32lnw/scheduling_software_for_small_service_business/,2025-07-18,home-services,"How can direct booking respect travel time and service areas?",generic schedulers,"Open slots can create impossible routes","Automate booking without route failure",overwhelm,evaluation,public thread,yes
R04,Reddit,https://www.reddit.com/r/Barber/comments/1kwwxvf/booking_software/,2025-05-27,barbershop,"Which affordable app lets clients choose both service and barber without enterprise complexity?",multiple,"Category rankings ignore shop size and workflow","Choose right-sized software",overwhelm,evaluation,public thread,yes
R05,Reddit,https://www.reddit.com/r/Barber/comments/1lo6cf3/which_barber_booking_software_you_use_and_why_do/,2025-06-30,barbershop,"Does marketplace discovery justify giving the platform influence over client relationships?",multiple,"Marketplace can recommend competitors","Balance acquisition and client control",loss-of-control,evaluation,public thread,yes
R06,Reddit,https://www.reddit.com/r/smallbusiness/comments/198dtyj,2024-01-16,crm-general,"What CRM can replace fragmented Google tools without losing job notes and photos?",Google tools,"Calendar, notes and evidence are split","Consolidate field workflow",chaos,switching,public thread,yes
R07,Reddit,https://www.reddit.com/r/Estheticians/comments/1so98mr/salon_booking_software_advice/,2026-04-17,skin-clinic,"How should a salon test calendar and deposit integrity before switching again?",Vagaro,"Appointments and amounts allegedly changed or reappeared","Replace unreliable system",fear,urgent replacement,public thread,yes
R08,Reddit,https://www.reddit.com/r/smallbusiness/comments/1lepn36/scheduling_software/,2025-06-18,solo-service,"Which scheduler handles recurrence, buffers, two-way sync and change links together?",Wix/Calendly,"Required scheduling semantics are split across tools","Replace current scheduler",frustration,switching,public thread,yes
R09,Reddit,https://www.reddit.com/r/smallbusiness/comments/109stea/crm_and_scheduling_software/,2023-01-12,crm-general,"When does a free CRM upgrade cliff make migration cheaper than staying?",Workiz,"Useful free workflow jumps to costly tier","Pay, split stack or migrate",cost anxiety,switching,public thread,yes
R10,Reddit,https://www.reddit.com/r/Barber/comments/1rw8h9b/booking_system/,2026-03-17,barbershop,"What must be preserved when leaving a booking system clients say is failing?",Vagaro,"Repeated client-facing booking complaints","Migrate without losing trust",urgency,switching,public thread,yes
R11,Reddit,https://www.reddit.com/r/smallbusiness/comments/1op2fyz/best_salon_scheduling_software_to_prevent_double/,2025-11-05,hair-salon,"Which scheduler prevents cross-location double booking without fragmented checkout?",Calendly/multiple,"Second location changes resources, price and reporting","Choose multi-location platform",fear,evaluation,public thread,yes
R12,Reddit,https://www.reddit.com/r/smallbusiness/comments/1srcglq/held_hostage_by_a_high_performer/,2026-05,healthcare-service,"How should owners change scheduling when the key receptionist sees automation as loss of role?",new workflow,"Frontline knowledge and identity were not captured","Adopt workflow without losing employee",conflict,implementation,public thread,yes
H01,HubSpot Community,https://community.hubspot.com/t/problems-with-duplicate-contacts-being-created/146784,2026-02-27,crm-general,"Why do secondary emails create duplicate contacts during migration?",HubSpot,"Identity rules and field mapping disagree","Repair duplicates without losing history",fear,implementation,public question,yes
H02,HubSpot Community,https://community.hubspot.com/t/duplicate-contacts/100419,2024-02-19,crm-general,"How can an admin trace a sudden spike of 2,000 duplicate contacts?",HubSpot,"Record provenance is unclear","Stop continued contamination",urgency,implementation,public question,yes
H03,HubSpot Community,https://community.hubspot.com/t/duplicate-contacts/26732,2020-10-14,crm-general,"Can duplicate cleanup be delegated safely by contact owner?",HubSpot,"Central cleanup does not match ownership workflow","Distribute remediation",overwhelm,implementation,public question,yes
H04,HubSpot Community,https://community.hubspot.com/t/how-can-i-report-or-view-duplicate-contacts-in-hubspot-for-clients/147379,2026-03-18,crm-general,"How can a consultant quantify duplicate risk when the duplicate manager is not reportable?",HubSpot,"Diagnostic artifact cannot be reported","Provide auditable client evidence",credibility-risk,implementation,public question,yes
H05,HubSpot Community,https://community.hubspot.com/t/contacts-duplicated-in-salesforce-after-syncing-from-hubspot/149315,2026-05-13,crm-general,"Why can a small HubSpot-Salesforce sync create extra records for shared owners?",HubSpot/Salesforce,"Cross-system ownership and identity collide","Fix sync without more duplicates",fear,implementation,public question,yes
H06,HubSpot Community,https://community.hubspot.com/t/duplicate-contacts-that-get-rejected/87955,2023-08-21,crm-general,"Can a rejected duplicate suggestion return when evidence changes?",HubSpot,"Suppression behavior is unclear","Tune dedupe process",uncertainty,implementation,public question,yes
H07,HubSpot Community,https://community.hubspot.com/t/duplicate-contacts-within-hubspot-and-new-lists/52912,2022-03-10,crm-general,"Will a list upload update existing people or increase billable marketing contacts?",HubSpot,"Import behavior affects both identity and price","Run repeatable imports safely",cost anxiety,implementation,public question,yes
H08,HubSpot Community,https://community.hubspot.com/t/merge-duplicate-contacts/28516,2020-11-28,crm-general,"How can a free-plan user clean 10,000 contacts without one-by-one work?",HubSpot,"Remediation is gated and manual","Choose tool or upgrade",overwhelm,evaluation,public question,yes
H09,HubSpot Community,https://community.hubspot.com/t/give-permissions-to-user-to-export-a-particular-view/114947,2024-08-21,crm-general,"Can a user export one permitted view without global export rights?",HubSpot,"Permission granularity does not match task","Enable work without data leakage",loss-of-control,implementation,public question,yes
H10,HubSpot Community,https://community.hubspot.com/t5/Account-Settings/Exporting-User-List-with-Seat-Assigned/td-p/1094894,2025-01-15,crm-general,"Can admins export seat assignments in a sortable, filter-respecting list?",HubSpot,"Administrative export omits needed context","Audit licenses and access",frustration,implementation,public question,yes
Q01,Square Community,https://community.squareup.com/t5/Payments-Troubleshooting/How-to-unmark-a-no-show-appointment/m-p/754390,2024,appointment-business,"How can staff undo a mistaken no-show without corrupting fee history?",Square Appointments,"Status correction and payment state are coupled","Correct record and fee",fear,implementation,public question,yes
Q02,Square Community,https://community.squareup.com/t5/Square-Appointments/Charge-a-deposit-at-booking/idc-p/623735/highlight/true,2022-06-23,appointment-business,"Can a booking deposit be charged now and applied automatically at checkout?",Square Appointments,"Card hold, prepayment and deposit are confused","Enforce policy with clean reconciliation",frustration,evaluation,public thread,yes
Q03,Square Community,https://community.squareup.com/t5/Appointments-Bookings/Clients-are-requesting-appointments-which-require-a-resource/td-p/768505,2024-12-22,spa,"Why can two staff request the same room after it is configured as a resource?",Square Appointments,"Resource capacity does not block requests as expected","Prevent operational conflict",fear,implementation,public question,yes
Q04,Square Community,https://community.squareup.com/t5/Appointments-Bookings/Deposit-instead-of-full-payment-for-Appointments/td-p/3655/highlight/true/page/3,2018-06-19,salon,"Why did a deposit service save a card but not actually collect money?",Square Appointments,"UI label and payment state diverge","Collect reliable deposits",frustration,implementation,public thread,yes
Q05,Square Community,https://community.squareup.com/t5/New-to-Square/New-to-Square/m-p/772381,2025,salon,"How can a link-paid deposit stay attached to the appointment and final balance?",Square Appointments,"Deposit and appointment ledgers are separate","Reconcile split payment",overwhelm,implementation,public question,yes
Q06,Square Community,https://community.squareup.com/t5/Appointments-Bookings/How-to-hold-card-payment-for-no-show-Appointments/m-p/822822/thread-id/5703,2025,appointment-business,"Can a first-time booking authorize a card without full prepayment?",Square Appointments,"No-show protection options have different semantics","Reduce no-show loss",risk-aversion,evaluation,public question,yes
Q07,Square Community,https://community.squareup.com/t5/Archived-Discussions-Read-Only/Deposit-instead-of-full-payment-for-Appointments/m-p/86459,2019-11-07,nail-business,"Can a system validate funds or collect a fixed deposit before service?",Square Appointments,"Saved card may not make fee collectible","Choose enforceable policy",risk-aversion,evaluation,public thread,yes
Q08,Square Community,https://community.squareup.com/t5/Payments-Troubleshooting/Taking-payments-through-appointments/m-p/210678,2020,appointment-business,"Can appointments collect percentage deposits rather than full prepayment?",Square Appointments,"Payment options do not match business policy","Select payment workflow",frustration,evaluation,public thread,yes
S01,Salon Geek,https://www.salongeek.com/threads/salon-advance-software-help.118439/post-1085706,2010-08-09,hair-salon,"Can retail sales be reported accurately enough to calculate staff commission?",Salon Advance,"Retail report does not support payroll rule","Calculate fair commission",frustration,implementation,public thread,yes
S02,Salon Geek,https://www.salongeek.com/threads/taking-on-self-employed-staff-60-40-split.329211/,2019-05-29,hair-salon,"Can contractors share booking and client data while retaining schedule autonomy?",unspecified,"Employment model and data access collide","Set up contractor workflow",uncertainty,implementation,public thread,yes
S03,Salon Geek,https://www.salongeek.com/threads/client-records-are-they-mine-being-self-employed-or-the-salon-owner.339156/,2024-02-13,hair-salon,"Who controls client records when a self-employed stylist leaves?",paper/digital records,"Client relationship, consent and business ownership conflict","Handle offboarding",fear,urgent replacement,public thread,yes
S04,Salon Geek,https://www.salongeek.com/threads/no-shows-and-late-cancellation.328404/,2019-04-13,salon,"How strict should deposits and late-cancellation fees be?",unspecified,"Revenue protection can damage client trust","Set policy",conflict,evaluation,public discussion,yes
S05,Salon Geek,https://www.salongeek.com/threads/would-you-sell-your-clientele-list.48088/,2007-01-08,nail-business,"Can a departing provider sell a client list, and what is actually being valued?",client list,"Ownership and consent are unclear","Transfer or retain clientele",uncertainty,evaluation,public discussion,yes
S06,Salon Geek,https://www.salongeek.com/threads/wages-problem.289589/,2015-07-02,hair-salon,"How should service and retail commission work alongside minimum wage?",manual payroll,"Compensation rule is hard to explain and compute","Design payroll policy",fairness,evaluation,public thread,yes
S07,Salon Geek,https://www.salongeek.com/threads/advice-leaving-salon.315778/,2017-07-04,hair-salon,"Can a departing stylist tell clients where they are going?",unspecified,"Contract, client relationship and data use conflict","Leave without unlawful solicitation",fear,urgent replacement,public thread,yes
S08,Salon Geek,https://www.salongeek.com/threads/how-do-you-deal-with-no-shows.332295/,2019-12-29,salon-spa,"Should a salon switch to software that collects a non-refundable booking fee?",Picktime,"Current tool cannot enforce policy","Reduce no-shows",frustration,switching,public discussion,yes
S09,Salon Geek,https://www.salongeek.com/threads/need-help-with-online-bookings.333944/,2020-05-13,hair-salon,"Should clients who cannot use online booking retain a phone path?",online booking,"Digital-only workflow excludes some clients","Balance efficiency and accessibility",concern,implementation,public thread,yes
S10,Salon Geek,https://www.salongeek.com/threads/staff-incentives-commission.114878/latest,2010-06-12,salon,"Should incentives reward treatments, retail or rebooking without causing staff conflict?",manual commission,"Metric can distort team behavior","Design incentive model",fairness,evaluation,public discussion,yes
C01,Capterra,https://www.capterra.com/p/40229/MINDBODY/reviews/,2025-11-11,fitness-wellness,"Is Mindbody still worth it when fees rise and add-on tools remain necessary?",Mindbody,"Cost rises faster than perceived value","Stay or switch",cost anxiety,switching,verified review,yes
C02,Capterra,https://www.capterra.com/p/40229/MINDBODY/reviews/,2025-11-14,therapy-wellness,"Does a class-oriented platform support clinical-style appointment charting?",Mindbody,"Domain-specific notes and body diagrams are weak","Add tool or switch",fit anxiety,evaluation,verified review,yes
C03,Capterra,https://www.capterra.com/p/40229/MINDBODY/reviews/,2025-09-19,fitness,"Why did an update reduce client editing control and promote other studios?",Mindbody,"Product change affects workflow and client ownership","Accept or replace",loss-of-control,switching,verified review,yes
C04,Capterra,https://www.capterra.com/p/40229/MINDBODY/reviews/,2025-09-23,fitness,"Can a business exit after onboarding errors disrupt appointment types and cash flow?",Mindbody,"Implementation failed while contract remains","Unwind implementation",urgency,urgent replacement,verified review,yes
C05,Capterra,https://www.capterra.com/p/40229/MINDBODY/reviews/,2025-08-10,alternative-medicine,"How reliable is support for nuanced operational problems?",Mindbody,"Power user may know more than support","Assess vendor risk",distrust,evaluation,verified review,yes
C06,Capterra,https://www.capterra.com/p/40229/MINDBODY/reviews/,2025-06-11,yoga-wellness,"Can data be trusted when app, web and Apple devices disagree?",Mindbody,"Cross-interface state appears inconsistent","Decide operational suitability",fear,evaluation,verified review,yes
C07,Capterra,https://www.capterra.com/p/40229/MINDBODY/reviews/,2026-03-17,yoga-wellness,"Why is client signup easy while administration needs many windows and clicks?",Mindbody,"Front-end simplicity hides admin complexity","Assess adoption cost",frustration,evaluation,verified review,yes
C08,Capterra,https://www.capterra.com/p/40229/MINDBODY/reviews/,2026-02-01,alternative-medicine,"Why does blocking time differ between desktop and mobile?",Mindbody,"Interface parity is weak","Standardize staff workflow",frustration,implementation,verified review,yes
C09,Capterra,https://www.capterra.com/p/40229/MINDBODY/reviews/,2025-11-10,solo-wellness,"Is platform breadth worth it when a sole proprietor cannot enable key SMS reminders?",Mindbody,"Account prerequisites block critical feature","Stay or switch",cost anxiety,switching,verified review,yes
C10,Capterra,https://www.capterra.com/p/40229/MINDBODY/reviews/,2025-11-03,fitness,"Should long-term customers accept recurring price increases without added value?",Mindbody,"Price stability is weak","Renew or replace",resentment,switching,verified review,yes
T01,Trustpilot,https://www.trustpilot.com/review/vagaro.com,2026-05-26,service-business,"Can reports be trusted when paid amounts, packages and IOUs diverge?",Vagaro,"Financial states allegedly disagree","Reconcile or leave",fear,urgent replacement,public review,yes
T02,Trustpilot,https://www.trustpilot.com/review/vagaro.com,2026-05-20,salon,"What should an owner do when appointments move and devices disagree?",Vagaro,"Calendar and reminder states allegedly drift","Stabilize or switch",urgency,urgent replacement,public review,yes
T03,Trustpilot,https://www.trustpilot.com/review/vagaro.com,2026-05-20,multi-location-service,"Should proprietary front-desk hardware be bought before accessory compatibility is proven?",Vagaro,"Expected accessory support and returnability differ","Avoid sunk cost",regret,evaluation,public review,yes
T04,Trustpilot,https://www.trustpilot.com/review/vagaro.com,2026-05-18,clinic-service,"How can an owner contest held payouts and chargebacks?",Vagaro,"Payment holds and notice allegedly unclear","Recover funds",anger,urgent replacement,public review,yes
T05,Trustpilot,https://www.trustpilot.com/review/vagaro.com,2026-06-09,salon-client,"Can appointment status influence whether a client may leave a review?",Vagaro,"Cancellation and review eligibility appear coupled","Contest record/review access",distrust,urgent replacement,public review,no
T06,Trustpilot,https://www.trustpilot.com/review/glossgenius.com,2026-06-05,beauty-professional,"Why can one payout be split between routed and held funds?",GlossGenius,"Payout state lacks clarity","Recover cash and assess risk",fear,urgent replacement,public review,yes
T07,Trustpilot,https://www.trustpilot.com/review/glossgenius.com,2026-01-17,salon,"Can a canceled account remove payment credentials and dispute an unsent campaign charge?",GlossGenius,"Offboarding and billing controls allegedly fail","Exit safely",anger,urgent replacement,public review,yes
T08,Trustpilot,https://www.trustpilot.com/review/glossgenius.com,2026-03-21,salon-client,"How trustworthy are marketplace ratings if negative reviews may be hidden?",GlossGenius,"Review provenance is disputed","Assess evidence quality",distrust,evaluation,public review,yes
T09,Trustpilot,https://www.trustpilot.com/review/zenoti.com,2026-05-12,salon,"When should a failed four-month migration be stabilized versus abandoned?",Zenoti,"Work slowed and appointments allegedly went missing","Recover or rollback",regret,urgent replacement,public review,yes
T10,Trustpilot,https://uk.trustpilot.com/review/zenoti.com,2026-05-12,med-spa,"Do AI features matter if forms, booking and mobile navigation remain weak?",Zenoti,"Roadmap novelty competes with core workflow reliability","Judge renewal value",frustration,switching,public review,yes
Z01,Zoho Community,https://help.zoho.com/portal/en/community/topic/preventing-user-profiles-from-exporting-data-from-zoho-crm,not-exposed,crm-general,"Can a trial employee work without bulk export capability?",Zoho CRM,"Visibility and extraction permissions are conflated","Apply least privilege",fear,implementation,public question,yes
Z02,Zoho Community,https://help.zoho.com/portal/en/community/topic/zoho-booking-resource-issue,not-exposed,resource-booking,"How can one resource support workspace-specific capacity and weekend pricing?",Zoho Bookings,"Physical identity and pricing context are conflated","Model resource correctly",overwhelm,implementation,public question,yes
Z03,Zoho Community,https://help.zoho.com/portal/en/community/topic/can-i-mass-delete-duplicate-records-accounts,not-exposed,crm-general,"How can 12,000 exact duplicates be removed after wrong module mapping?",Zoho CRM,"Import succeeded into wrong entity type","Repair migration",panic,urgent replacement,public question,yes
Z04,Zoho Community,https://help.zoho.com/portal/en/community/topic/zoho-crm-reports-contain-duplicate-records,not-exposed,crm-general,"Why can a report duplicate rows when base records are unique?",Zoho CRM,"Join fan-out distorts totals","Restore reporting trust",fear,urgent replacement,public question,yes
Z05,Zoho Community,https://help.zoho.com/portal/en-gb/community/topic/crm-migration,not-exposed,crm-general,"How can a migration prove notes survived when some are silently skipped?",Zoho CRM,"Row success does not prove relational completeness","Validate migration",fear,implementation,public question,yes
F01,Salesforce Stack Exchange,https://salesforce.stackexchange.com/questions/308244/merge-of-duplicate-salesforce-contacts-impact-on-marketing-cloud/308255,2020-06-03,crm-general,"What survives downstream after duplicate CRM contacts are merged?",Salesforce,"Identity differs across connected systems","Deduplicate without corrupting journeys",fear,implementation,public technical Q&A,yes
F02,Salesforce Stack Exchange,https://salesforce.stackexchange.com/questions/401705/duplicate-contacts-pricing-problem-when-i-convert-synchronized-data-extension,2023-04-18,crm-general,"Can a configuration change create another billable contact identity?",Salesforce Marketing Cloud,"Technical identity affects price","Avoid duplicate billing",cost anxiety,implementation,public technical Q&A,yes
F03,Salesforce Stack Exchange,https://salesforce.stackexchange.com/questions/416591/duplicate-contacts-with-marketing-cloud-connect-account-and-contact,2024-02-02,crm-general,"Why are billable contacts double source record counts?",Salesforce Marketing Cloud,"Account and contact IDs represent one person twice","Choose canonical key",cost anxiety,urgent replacement,public technical Q&A,yes
F04,Salesforce Stack Exchange,https://salesforce.stackexchange.com/questions/236241/report-to-fetch-duplicate-contacts,2018-10-16,crm-general,"Can a million-record duplicate diagnostic be exported within platform limits?",Salesforce,"Detection and export do not scale together","Create cleanup evidence",overwhelm,implementation,public technical Q&A,yes
F05,Salesforce Stack Exchange,https://salesforce.stackexchange.com/questions/276607/deleting-doubled-subscribers-on-marketing-cloud,2019-09-10,crm-general,"How can duplicate subscribers be merged without losing consent and history?",Salesforce Marketing Cloud,"Identity, compliance and billing are fragmented","Clean safely",fear,urgent replacement,public technical Q&A,yes
F06,Salesforce Stack Exchange,https://salesforce.stackexchange.com/questions/297087/merge-duplicate-contacts,2020-03-06,crm-general,"How can future duplicates be stopped across many legacy write paths?",Salesforce,"Cleanup does not fix creation policy","Create canonical write rule",overwhelm,implementation,public technical Q&A,yes
F07,Salesforce Stack Exchange,https://salesforce.stackexchange.com/a/70557,2014-04-14,crm-general,"How can hundreds of duplicate sets be merged without unsafe automation?",Salesforce,"Native remediation is slow; automation raises blast radius","Choose safe bulk process",fear,implementation,public technical Q&A,yes
F08,Salesforce Stack Exchange,https://salesforce.stackexchange.com/questions/411091/existing-data-duplication-clean-up-help,2023-09-28,crm-general,"Why can prevention rules detect duplicates but not create a cleanup backlog?",Salesforce,"Prevention and remediation use different artifacts","Operationalize cleanup",frustration,implementation,public technical Q&A,yes
F09,Salesforce Stack Exchange,https://salesforce.stackexchange.com/questions/70442/data-import-wizard-for-contacts-prevent-duplicates,2015-03-27,crm-general,"How can a nontechnical operator run a monthly upsert without recreating contacts?",Salesforce,"Repeat imports lack stable external identity","Create maintainable runbook",overwhelm,implementation,public technical Q&A,yes
F10,Salesforce Stack Exchange,https://salesforce.stackexchange.com/questions/341519/can-we-by-pass-these-contacts-have-the-same-related-account-open-the-related-a,2021-04-27,crm-general,"How can duplicate people merge while preserving legitimate multiple relationships?",Salesforce,"Identity duplication and relationship multiplicity differ","Automate safe merge",fear,implementation,public technical Q&A,yes
G201,G2,https://www.g2.com/products/zenoti/reviews,2026-03-04,salon,"How much configuration and migration work hides behind a feature-rich demo?",Zenoti,"Setup and migration are complex","Estimate implementation burden",overwhelm,evaluation,verified review,yes
G202,G2,https://www.g2.com/products/zenoti/reviews,2026-03-04,salon,"Can reports, waitlists and booking rules be tuned without specialist help?",Zenoti,"Operational tweaks require complexity","Assess admin self-sufficiency",uncertainty,evaluation,verified review,yes
G203,G2,https://www.g2.com/products/zenoti/reviews,2026-04-24,multi-location-salon,"What report customizations are unavailable after switching?",Zenoti,"Reporting flexibility has limits","Validate migration fit",regret,implementation,verified review,yes
G204,G2,https://www.g2.com/products/zenoti/reviews,2026-02-17,salon,"How many software layers must a new employee learn for routine work?",Zenoti,"Broad product has steep learning curve","Estimate adoption cost",overwhelm,evaluation,verified review,yes
G205,G2,https://www.g2.com/products/zenoti/reviews,2026-04-30,wellness,"Why do simple front-desk tasks require many clicks?",Zenoti,"Task paths are longer than expected","Assess daily friction",frustration,evaluation,verified review,yes
G206,G2,https://www.g2.com/products/zenoti/reviews,2026-04-06,beauty-salon,"Can clock-in and mobile workflows match front-desk reality?",Zenoti,"Mobile/clock-in experience needs improvement","Decide workflow fit",frustration,evaluation,verified review,yes
G207,G2,https://www.g2.com/products/mindbody/reviews,2026-04-28,fitness-wellness,"Are recurring appointments reliable enough in the client app?",Mindbody,"Recurring workflow is weak","Assess retention workflow",concern,evaluation,verified review,yes
G208,G2,https://www.g2.com/products/mindbody/reviews,2026-04-28,fitness-wellness,"Do basic email templates force a separate marketing tool?",Mindbody,"Marketing capability is shallow","Price total stack",cost anxiety,evaluation,verified review,yes
G209,G2,https://www.g2.com/products/mindbody/reviews,2026-04-18,fitness,"When should unresolved onboarding, billing and widget issues trigger exit?",Mindbody,"Multiple implementation failures remain unresolved","Escalate or cancel",regret,urgent replacement,verified review,yes
G210,G2,https://www.g2.com/products/mindbody/reviews,2026-03-25,fitness,"Which reporting capabilities justify a complex all-in-one platform?",Mindbody,"Breadth may outweigh customization limits","Compare value",uncertainty,evaluation,verified review,yes
G211,G2,https://www.g2.com/products/mindbody/reviews,2025-11-06,fitness,"Can required operational reports be proven before contract signature?",Mindbody,"Specific reports are missing","Verify fit",risk-aversion,evaluation,verified review,yes
G212,G2,https://www.g2.com/products/mindbody/reviews,2025-11-06,fitness,"How many steps does rescheduling take during a busy shift?",Mindbody,"Change workflow is awkward","Measure task time",frustration,evaluation,verified review,yes
G213,G2,https://www.g2.com/products/mindbody/reviews,2026-02-01,fitness,"How often do product updates disrupt established staff workflows?",Mindbody,"Updates alter learned operations","Assess change risk",fear,evaluation,verified review,yes
G214,G2,https://www.g2.com/products/mindbody/reviews,2025-12-12,fitness,"Can a team onboard without excessive steps and specialist training?",Mindbody,"Staff learning is slow","Plan rollout",overwhelm,implementation,verified review,yes
G215,G2,https://www.g2.com/products/mindbody/reviews,2025-12-12,fitness,"Can one client hold multiple valid waivers without workarounds?",Mindbody,"Waiver model is constrained","Verify compliance workflow",concern,evaluation,verified review,no
G216,G2,https://www.g2.com/products/mindbody/reviews,2025-12-12,fitness,"Which claimed integrations actually remove manual work?",Mindbody,"Integration breadth may not equal workflow depth","Test integration",distrust,evaluation,verified review,yes
G217,G2,https://www.g2.com/products/vagaro/reviews,2025-11-12,salon,"What capabilities disappear when moving from Schedulicity to Vagaro?",Vagaro/Schedulicity,"Migration loses class messaging behavior","Decide whether switch is acceptable",regret,implementation,verified review,yes
G218,G2,https://www.g2.com/products/vagaro/reviews,2025-11-12,salon,"Are lost migration features available only as paid add-ons?",Vagaro,"Replacement capability adds cost","Calculate switching TCO",cost anxiety,implementation,verified review,yes
G219,G2,https://www.g2.com/products/vagaro/reviews,2025-11-12,salon,"How much manual work remains after a supposedly smooth transition?",Vagaro,"Class communication still requires workaround","Validate operational acceptance",frustration,implementation,verified review,yes
G220,G2,https://www.g2.com/products/mindbody/reviews,2025-12-12,fitness,"Does product breadth compensate for slow daily task paths?",Mindbody,"Feature count and usability conflict","Renew or switch",uncertainty,switching,verified review,yes
SA01,Software Advice,https://www.softwareadvice.com/retail/zenoti-profile/reviews/,2023-04,salon,"How should a small team budget for Zenoti's functional complexity?",Zenoti,"Complexity increases training burden","Assess fit",overwhelm,evaluation,verified review,yes
SA02,Software Advice,https://www.softwareadvice.com/retail/zenoti-profile/reviews/,2026-04,salon,"Why did scheduling and rebooking become harder after a change?",Zenoti,"Core task path changed","Stabilize workflow",frustration,implementation,verified review,yes
SA03,Software Advice,https://www.softwareadvice.com/retail/zenoti-profile/reviews/,2026-04,salon,"Can changed reports still reconcile to prior owner metrics?",Zenoti,"Report definitions changed","Restore comparability",fear,implementation,verified review,yes
SA04,Software Advice,https://www.softwareadvice.com/retail/zenoti-profile/reviews/,2026-04,salon,"How should returns and rewards be tested during implementation?",Zenoti,"Edge cases fail after switching","Validate checkout",regret,implementation,verified review,yes
SA05,Software Advice,https://www.softwareadvice.com/retail/zenoti-profile/reviews/,2026-05,spa,"What acceptance criteria catch implementation glitches before launch?",Zenoti,"Go-live exposes configuration defects","Prevent launch failure",fear,implementation,verified review,yes
SA06,Software Advice,https://www.softwareadvice.com/retail/zenoti-profile/reviews/,2026-05,spa,"Can invoicing and thermal-spa capacity be modeled together?",Zenoti,"Domain-specific capacity and finance constraints intersect","Verify fit",uncertainty,evaluation,verified review,no
SA07,Software Advice,https://www.softwareadvice.com/retail/zenoti-profile/reviews/,2026-05,salon,"How long does adaptation take after migration?",Zenoti,"Initial complexity delays proficiency","Plan training",overwhelm,implementation,verified review,yes
SA08,Software Advice,https://www.softwareadvice.com/retail/zenoti-profile/reviews/,2026-05,salon,"What evidence proves vendor-assisted migration was complete?",Zenoti,"Positive support does not prove data completeness","Sign off migration",risk-aversion,implementation,verified review,yes
SA09,Software Advice,https://www.softwareadvice.com/retail/zenoti-profile/reviews/,2026-05,salon,"What happens when billing issues cannot reach support during setup?",Zenoti,"Setup and billing escalation fail","Escalate or exit",anger,urgent replacement,verified review,yes
SA10,Software Advice,https://www.softwareadvice.com/retail/zenoti-profile/reviews/,2026-04,salon,"Which daily tasks contain unnecessary clicks?",Zenoti,"Routine work is slow","Assess productivity",frustration,evaluation,verified review,yes
SA11,Software Advice,https://www.softwareadvice.com/retail/zenoti-profile/reviews/,2026-01-27,salon,"Is post-implementation support materially worse than sales support?",Zenoti,"Support continuity allegedly drops after launch","Assess vendor risk",distrust,evaluation,verified review,yes
SA12,Software Advice,https://www.softwareadvice.com/retail/zenoti-profile/reviews/,2025-12,multi-location-salon,"Does a multi-location platform impose avoidable complexity on a small salon?",Zenoti,"Enterprise scope slows small operators","Choose right-sized system",overwhelm,switching,verified review,yes
SA13,Software Advice,https://www.softwareadvice.com/retail/shedul-profile/reviews/,not-exposed,salon,"When do per-user charges make a low-entry-price platform expensive?",Fresha,"Cost scales with staff count","Calculate TCO",cost anxiety,evaluation,review excerpt,yes
SA14,Software Advice,https://www.softwareadvice.com/retail/shedul-profile/reviews/,not-exposed,salon,"How can a business audit marketplace acquisition fees it believes are misattributed?",Fresha,"Marketplace-fee attribution is disputed","Contest fee and assess platform",anger,urgent replacement,review excerpt,yes
SA15,Software Advice,https://www.softwareadvice.com/retail/shedul-profile/reviews/,not-exposed,salon,"Which advanced features require extra fees after adoption?",Fresha,"Add-ons reduce price predictability","Compare full cost",distrust,evaluation,review excerpt,yes
SA16,Software Advice,https://www.softwareadvice.com/medical/vagaro-profile/reviews/,not-exposed,medical-spa,"Can slow front-desk checkout and receipt printing survive peak periods?",Vagaro,"Transaction path slows operations","Assess reliability",frustration,evaluation,review excerpt,yes
SA17,Software Advice,https://www.softwareadvice.com/medical/vagaro-profile/reviews/,not-exposed,medical-spa,"How often does client self-booking fail or create support work?",Vagaro,"Online booking glitches shift labor to staff","Assess client experience",concern,evaluation,review excerpt,yes
SA18,Software Advice,https://www.softwareadvice.com/medical/vagaro-profile/reviews/,not-exposed,medical-spa,"Can identity verification support owners with several business roles?",Vagaro,"Verification model does not match entity structure","Complete onboarding",frustration,implementation,review excerpt,no
SA19,Software Advice,https://www.softwareadvice.com/salon/salon-spa-account-manager-profile/reviews/,not-exposed,multi-location-salon,"When do slow performance, outages and multi-location price justify migration?",Milano,"Reliability and support declined","Switch platforms",regret,switching,public review,yes
SA20,Software Advice,https://www.softwareadvice.com/retail/shedul-profile/,not-exposed,salon,"How can a salon recover if client profile or medical information is overwritten?",Fresha,"Review alleges destructive profile change","Restore data and assess safety",panic,urgent replacement,review excerpt,no
TR01,TrustRadius,https://www.trustradius.com/products/vagaro/reviews,2022-08-29,salon,"Can appointment confirmation and session stability be trusted?",Vagaro,"App refreshes, logs out and confirmation is weak","Assess usability",frustration,evaluation,incentivized vetted review,yes
TR02,TrustRadius,https://www.trustradius.com/products/vagaro/reviews,2022-10-20,salon-tech,"Why can reservations fail to sync fully with the back end?",Vagaro,"Reservation state is inconsistent","Fix integration",fear,implementation,incentivized vetted review,yes
TR03,TrustRadius,https://www.trustradius.com/products/vagaro/reviews,2022-10-20,salon-tech,"Does adding many services increase logout or stability problems?",Vagaro,"Catalog complexity appears tied to session failure","Test scale",concern,evaluation,incentivized vetted review,no
TR04,TrustRadius,https://www.trustradius.com/products/vagaro/reviews,2022-10-20,service-client,"Why is cancellation harder than booking?",Vagaro,"Cancellation path is unavailable or hard to find","Reduce client friction",frustration,evaluation,incentivized vetted review,yes
TR05,TrustRadius,https://www.trustradius.com/products/vagaro/reviews,2022-11-02,wellness,"Should a business rely on marketplace discounts for acquisition?",Vagaro,"New-client promise may require cheap offers","Switch acquisition model",resentment,switching,incentivized vetted review,yes
TR06,TrustRadius,https://www.trustradius.com/products/mindbody/reviews/all,2024-07-05,spa-clinic,"Can permissions, accounting reports and insurance data support a complex clinic?",Mindbody,"Three governance domains remain weak","Assess enterprise fit",uncertainty,evaluation,vetted review,yes
TR07,TrustRadius,https://www.trustradius.com/products/mindbody/reviews/all,2024-06-25,fitness,"Can billing, inventory and marketing lists reconcile across locations?",Mindbody,"Financial and marketing records are confusing","Restore operating truth",fear,implementation,vetted review,yes
TR08,TrustRadius,https://www.trustradius.com/products/mindbody/reviews/all,2022-04-04,fitness,"Why do signatures captured in the app not transfer to the main database?",Mindbody,"Cross-interface record completeness fails","Protect documentation",fear,urgent replacement,vetted review,yes
TR09,TrustRadius,https://www.trustradius.com/products/mindbody/reviews/all,2021-12-06,fitness,"When do unreliable data and support make an all-in-one system unusable?",Mindbody,"Core records and reports allegedly fail","Exit platform",anger,urgent replacement,vetted review,yes
TR10,TrustRadius,https://www.trustradius.com/products/mindbody/reviews/all,2021,fitness,"Can onboarding be considered delivered if payments still cannot be collected?",Mindbody,"Charges began before operational go-live","Cancel or recover implementation",regret,urgent replacement,vetted review,yes
TR11,TrustRadius,https://www.trustradius.com/products/hubspot-crm/reviews/all,2026-04-23,crm-general,"When is a CRM too rigid for customers moving backward in a lifecycle?",HubSpot,"Linear funnel model mismatches real process","Replace or redesign",frustration,switching,vetted review,yes
TR12,TrustRadius,https://www.trustradius.com/products/hubspot-crm/reviews,2025-06-18,crm-general,"Which essential capabilities move behind higher tiers as a team grows?",HubSpot,"Tier gates change total cost","Plan expansion",cost anxiety,evaluation,incentivized vetted review,yes
TR13,TrustRadius,https://www.trustradius.com/products/hubspot-crm/reviews,2026,crm-general,"Can teams explain workflow behavior at scale before relying on automation?",HubSpot,"Automation becomes hard to reason about","Assess governance",fear,evaluation,review synthesis,yes
TR14,TrustRadius,https://www.trustradius.com/products/pipedrive/reviews,2025-03-04,crm-general,"Can reporting and integrations support two business units in one CRM?",Pipedrive,"Multi-pipeline setup outgrows reporting","Decide platform fit",uncertainty,evaluation,incentivized vetted review,yes
TR15,TrustRadius,https://www.trustradius.com/products/pipedrive/reviews,2024-12-10,crm-general,"When should Pipedrive's lower complexity outweigh weaker marketing automation?",Pipedrive,"Ease and automation depth trade off","Compare CRM options",uncertainty,evaluation,incentivized vetted review,yes
GA01,GetApp,https://www.getapp.com/customer-management-software/a/mindbody/,2026-07,fitness-wellness,"How predictable is Mindbody's cost after upgrades and add-ons?",Mindbody,"Verified-review synthesis reports high and confusing prices","Calculate TCO",cost anxiety,evaluation,2993-review aggregate,yes
GA02,GetApp,https://www.getapp.com/customer-management-software/a/mindbody/,2026-07,fitness-wellness,"Can staff learn a comprehensive interface without excessive training?",Mindbody,"Steep learning curve and complexity recur","Estimate adoption cost",overwhelm,evaluation,2993-review aggregate,yes
GA03,GetApp,https://www.getapp.com/customer-management-software/a/mindbody/,2026-07,fitness-wellness,"How should a business test occasional booking glitches?",Mindbody,"Online-booking failures recur in synthesis","Design acceptance test",fear,implementation,114 detailed booking reviews,yes
GA04,GetApp,https://www.getapp.com/customer-management-software/a/mindbody/,2026-07,fitness-wellness,"Can appointment changes be trusted during freezes or bugs?",Mindbody,"Appointment management sometimes freezes","Test failure recovery",fear,implementation,32 detailed management reviews,yes
GA05,GetApp,https://www.getapp.com/customer-management-software/a/mindbody/,2026-07,fitness-wellness,"What is the fallback when reminders are not sent?",Mindbody,"Notification delivery occasionally fails","Reduce no-show exposure",concern,implementation,39 detailed reminder reviews,yes
GA06,GetApp,https://www.getapp.com/customer-management-software/a/mindbody/,2026-07,fitness-wellness,"How are occasional double charges detected and reversed?",Mindbody,"Payment processing can duplicate charges","Reconcile transactions",fear,urgent replacement,49 detailed payment reviews,yes
GA07,GetApp,https://www.getapp.com/customer-management-software/a/mindbody/,2026-07,fitness-wellness,"Does mobile access preserve the same navigation and account context?",Mindbody,"Mobile bugs and navigation issues recur","Assess interface parity",frustration,evaluation,44 detailed mobile reviews,yes
GA08,GetApp,https://www.getapp.com/customer-management-software/a/mindbody/,2026-07,fitness-wellness,"Can urgent support be reached within operationally acceptable time?",Mindbody,"Review synthesis reports long waits","Assess support risk",distrust,evaluation,2993-review aggregate,yes
GA09,GetApp,https://www.getapp.com/customer-management-software/a/mindbody/,2026-07,fitness-wellness,"Are feature tiers aligned with the business capabilities owners actually need?",Mindbody,"Room/resources and analytics sit in higher plans","Choose plan",cost anxiety,evaluation,pricing plus review aggregate,yes
GA10,GetApp,https://www.getapp.com/customer-management-software/a/mindbody/reviews/page-7/,2025,fitness-wellness,"Should a platform market its own offers to a business's client base?",Mindbody,"Reviewer alleges platform-client conflict","Protect client relationship",loss-of-control,switching,review excerpt,yes
GA11,GetApp,https://www.getapp.com/retail-consumer-services-software/a/vagaro/,2026-07,salon-wellness,"Which essential Vagaro capabilities become paid add-ons?",Vagaro,"Extra fees reduce price transparency","Calculate TCO",cost anxiety,evaluation,3642-review aggregate,yes
GA12,GetApp,https://www.getapp.com/retail-consumer-services-software/a/vagaro/,2026-07,salon-wellness,"Can peak-period slowdowns disrupt a full appointment book?",Vagaro,"Glitches and slowdowns recur","Assess operational reliability",fear,evaluation,3642-review aggregate,yes
GA13,GetApp,https://www.getapp.com/retail-consumer-services-software/a/vagaro/,2026-07,salon-wellness,"How much customization is needed for a salon's actual workflow?",Vagaro,"Customization limits recur","Assess fit",frustration,evaluation,3642-review aggregate,yes
GA14,GetApp,https://www.getapp.com/retail-consumer-services-software/a/vagaro/,2026-07,salon-wellness,"Can support resolve ongoing issues rather than sending articles?",Vagaro,"Some reviewers report slow or ineffective support","Assess vendor risk",distrust,evaluation,3642-review aggregate,yes
GA15,GetApp,https://www.getapp.com/retail-consumer-services-software/a/vagaro/,2026-07,medical-spa,"What controls prevent funds being held or accounts closed after service delivery?",Vagaro,"Individual review alleges severe onboarding/payment dispute","Protect cash flow",fear,urgent replacement,identified review excerpt,no
GA16,GetApp,https://www.getapp.com/retail-consumer-services-software/a/vagaro/reviews/page-3/,2025,salon,"Can QuickBooks integration avoid manual Excel export?",Vagaro,"Accounting handoff remains manual","Reduce reconciliation work",frustration,implementation,review excerpt,yes
GA17,GetApp,https://www.getapp.com/retail-consumer-services-software/a/zenoti/,2026-07,multi-location-salon,"Does robust reporting justify Zenoti's setup and support burden?",Zenoti,"Breadth and complexity trade off","Compare enterprise fit",uncertainty,evaluation,1268-review aggregate,yes
GA18,GetApp,https://www.getapp.com/retail-consumer-services-software/a/zenoti/,2026-07,multi-location-salon,"Can inventory, appointments and marketing share one reliable client identity?",Zenoti,"Integrated breadth raises cross-module consistency risk","Assess operating model",fear,evaluation,1268-review aggregate,yes
GA19,GetApp,https://www.getapp.com/customer-management-software/a/mindbody/reviews/page-63/,2025,fitness-client,"Can clients tell whether they are using a studio-branded app or the marketplace app?",Mindbody,"Brand and account context are ambiguous","Reduce client confusion",confusion,evaluation,verified review,no
GA20,GetApp,https://www.getapp.com/retail-consumer-services-software/a/vagaro/reviews/page-29/,2026,salon,"Which owner reports are missing even when booking and pricing fit?",Vagaro,"Reporting gaps remain for small practices","Decide whether workaround is acceptable",uncertainty,evaluation,406 value-review subset,yes
